,acc,f1,confusion,precision,recall,auc
0,0.9545454545454546,0.9545454545454546,"[[532  32]
 [  0 140]]",0.9545454545454546,0.9545454545454546,0.9944009071539256
